{
  "mae": 142499.6747130117,
  "rmse": 281605.7044455666,
  "r2": 0.24918097196701683,
  "cv_mean": 0.43422806164764366,
  "cv_std": 0.04719371178314077,
  "training_samples": 3108,
  "test_samples": 778,
  "feature_count": 6,
  "trained_at": "2026-02-12T11:54:53.028434"
}