{
  "mae": 11700.280137157331,
  "rmse": 166241.219795302,
  "r2": 0.7383445360826955,
  "cv_mean": 0.9664061464815102,
  "cv_std": 0.02483990981560372,
  "training_samples": 3108,
  "test_samples": 778,
  "feature_count": 7,
  "trained_at": "2026-02-11T15:17:20.244161"
}